{"cameraMode":{"drawMode":0,"name":"Shaded","section":"Shading Mode"},"sceneLighting":false,"audioPlay":false,"sceneViewState":{"m_AlwaysRefresh":false,"showFog":true,"showSkybox":false,"showFlares":true,"showImageEffects":true,"showParticleSystems":true,"showVisualEffectGraphs":true,"m_FxEnabled":true},"in2DMode":false,"pivot":{"x":13.551015853881836,"y":11.069999694824219,"z":-16.533798217773439},"rotation":{"x":0.12320761382579804,"y":0.8118513822555542,"z":-0.18530063331127168,"w":0.5398222804069519},"size":0.8963643908500671,"orthographic":false}