{"cameraMode":{"drawMode":0,"name":"Shaded","section":"Shading Mode"},"sceneLighting":true,"audioPlay":false,"sceneViewState":{"m_AlwaysRefresh":false,"showFog":true,"showSkybox":true,"showFlares":true,"showImageEffects":true,"showParticleSystems":true,"showVisualEffectGraphs":true,"m_FxEnabled":true},"in2DMode":false,"pivot":{"x":-41.948795318603519,"y":-1.1822423934936524,"z":25.083450317382814},"rotation":{"x":-0.09324515610933304,"y":-0.7965349555015564,"z":0.12722676992416383,"w":-0.583681583404541},"size":31.545743942260743,"orthographic":false}