{"cameraMode":{"drawMode":0,"name":"Shaded","section":"Shading Mode"},"sceneLighting":true,"audioPlay":false,"sceneViewState":{"m_AlwaysRefresh":false,"showFog":true,"showSkybox":true,"showFlares":true,"showImageEffects":true,"showParticleSystems":true,"showVisualEffectGraphs":true,"m_FxEnabled":true},"in2DMode":false,"pivot":{"x":-3.4287681579589845,"y":0.37868595123291018,"z":0.008625984191894532},"rotation":{"x":0.5095363259315491,"y":0.14938870072364808,"z":-0.09039077162742615,"w":0.8425825238227844},"size":104.08345031738281,"orthographic":false}